<?xml version="1.0" encoding="ISO-8859-1"?><pnml>
<net id="Net-One" type="P/T net">
<labels x="1227" y="178" width="225" height="47" border="true">
<text>CriticalSection1 = Green1 &amp; Red2
CriticalSection2 = Red1 &amp; Green2
CriticalSection3  = Red1 &amp; Red2</text>
</labels>
<place id="P15">
<graphics>
<position x="615.0" y="465.0"/>
</graphics>
<name>
<value>SemaphoreClocked</value>
<graphics>
<offset x="-5.0" y="35.0"/>
</graphics>
</name>
<initialMarking>
<value>0</value>
<graphics>
<offset x="0.0" y="0.0"/>
</graphics>
</initialMarking>
<capacity>
<value>0</value>
</capacity>
</place>
<place id="P16">
<graphics>
<position x="210.0" y="480.0"/>
</graphics>
<name>
<value>Semaphore</value>
<graphics>
<offset x="-5.0" y="35.0"/>
</graphics>
</name>
<initialMarking>
<value>1</value>
<graphics>
<offset x="0.0" y="0.0"/>
</graphics>
</initialMarking>
<capacity>
<value>0</value>
</capacity>
</place>
<place id="P17">
<graphics>
<position x="870.0" y="330.0"/>
</graphics>
<name>
<value>CritialSection1</value>
<graphics>
<offset x="-5.0" y="35.0"/>
</graphics>
</name>
<initialMarking>
<value>0</value>
<graphics>
<offset x="0.0" y="0.0"/>
</graphics>
</initialMarking>
<capacity>
<value>0</value>
</capacity>
</place>
<place id="P18">
<graphics>
<position x="870.0" y="615.0"/>
</graphics>
<name>
<value>CriticalSection2</value>
<graphics>
<offset x="-5.0" y="35.0"/>
</graphics>
</name>
<initialMarking>
<value>0</value>
<graphics>
<offset x="0.0" y="0.0"/>
</graphics>
</initialMarking>
<capacity>
<value>0</value>
</capacity>
</place>
<place id="P19">
<graphics>
<position x="675.0" y="705.0"/>
</graphics>
<name>
<value>Entrance2_segment</value>
<graphics>
<offset x="-5.0" y="35.0"/>
</graphics>
</name>
<initialMarking>
<value>1</value>
<graphics>
<offset x="0.0" y="0.0"/>
</graphics>
</initialMarking>
<capacity>
<value>0</value>
</capacity>
</place>
<place id="P2">
<graphics>
<position x="1425.0" y="420.0"/>
</graphics>
<name>
<value>exit_segment</value>
<graphics>
<offset x="-5.0" y="35.0"/>
</graphics>
</name>
<initialMarking>
<value>0</value>
<graphics>
<offset x="0.0" y="0.0"/>
</graphics>
</initialMarking>
<capacity>
<value>0</value>
</capacity>
</place>
<place id="P20">
<graphics>
<position x="690.0" y="240.0"/>
</graphics>
<name>
<value>Entrance1_segment</value>
<graphics>
<offset x="-5.0" y="35.0"/>
</graphics>
</name>
<initialMarking>
<value>1</value>
<graphics>
<offset x="0.0" y="0.0"/>
</graphics>
</initialMarking>
<capacity>
<value>0</value>
</capacity>
</place>
<place id="P22">
<graphics>
<position x="870.0" y="465.0"/>
</graphics>
<name>
<value>CriticalSection3</value>
<graphics>
<offset x="-5.0" y="35.0"/>
</graphics>
</name>
<initialMarking>
<value>0</value>
<graphics>
<offset x="0.0" y="0.0"/>
</graphics>
</initialMarking>
<capacity>
<value>0</value>
</capacity>
</place>
<place id="P23">
<graphics>
<position x="1080.0" y="165.0"/>
</graphics>
<name>
<value>Green1</value>
<graphics>
<offset x="-5.0" y="35.0"/>
</graphics>
</name>
<initialMarking>
<value>0</value>
<graphics>
<offset x="0.0" y="0.0"/>
</graphics>
</initialMarking>
<capacity>
<value>0</value>
</capacity>
</place>
<place id="P24">
<graphics>
<position x="1080.0" y="240.0"/>
</graphics>
<name>
<value>Red1</value>
<graphics>
<offset x="-5.0" y="35.0"/>
</graphics>
</name>
<initialMarking>
<value>0</value>
<graphics>
<offset x="0.0" y="0.0"/>
</graphics>
</initialMarking>
<capacity>
<value>0</value>
</capacity>
</place>
<place id="P25">
<graphics>
<position x="1080.0" y="690.0"/>
</graphics>
<name>
<value>Green2</value>
<graphics>
<offset x="-5.0" y="35.0"/>
</graphics>
</name>
<initialMarking>
<value>0</value>
<graphics>
<offset x="0.0" y="0.0"/>
</graphics>
</initialMarking>
<capacity>
<value>0</value>
</capacity>
</place>
<place id="P26">
<graphics>
<position x="1080.0" y="630.0"/>
</graphics>
<name>
<value>Red2</value>
<graphics>
<offset x="-5.0" y="35.0"/>
</graphics>
</name>
<initialMarking>
<value>0</value>
<graphics>
<offset x="0.0" y="0.0"/>
</graphics>
</initialMarking>
<capacity>
<value>0</value>
</capacity>
</place>
<transition id="T10">
<graphics>
<position x="315.0" y="390.0"/>
</graphics>
<name>
<value>TTickAndSempahore</value>
<graphics>
<offset x="-5.0" y="35.0"/>
</graphics>
</name>
<orientation>
<value>0</value>
</orientation>
<rate>
<value>1.0</value>
</rate>
<timed>
<value>false</value>
</timed>
<infiniteServer>
<value>false</value>
</infiniteServer>
<priority>
<value>1</value>
</priority>
</transition>
<transition id="T12">
<graphics>
<position x="675.0" y="615.0"/>
</graphics>
<name>
<value>TCrit2Pre</value>
<graphics>
<offset x="-5.0" y="35.0"/>
</graphics>
</name>
<orientation>
<value>0</value>
</orientation>
<rate>
<value>1.0</value>
</rate>
<timed>
<value>false</value>
</timed>
<infiniteServer>
<value>false</value>
</infiniteServer>
<priority>
<value>1</value>
</priority>
</transition>
<transition id="T13">
<graphics>
<position x="690.0" y="330.0"/>
</graphics>
<name>
<value>TCrit1Pre</value>
<graphics>
<offset x="-5.0" y="35.0"/>
</graphics>
</name>
<orientation>
<value>0</value>
</orientation>
<rate>
<value>1.0</value>
</rate>
<timed>
<value>false</value>
</timed>
<infiniteServer>
<value>false</value>
</infiniteServer>
<priority>
<value>1</value>
</priority>
</transition>
<transition id="T14">
<graphics>
<position x="1230.0" y="315.0"/>
</graphics>
<name>
<value>Train1Leaves</value>
<graphics>
<offset x="-5.0" y="35.0"/>
</graphics>
</name>
<orientation>
<value>0</value>
</orientation>
<rate>
<value>1.0</value>
</rate>
<timed>
<value>false</value>
</timed>
<infiniteServer>
<value>false</value>
</infiniteServer>
<priority>
<value>1</value>
</priority>
</transition>
<transition id="T15">
<graphics>
<position x="1230.0" y="570.0"/>
</graphics>
<name>
<value>Train2Leaves</value>
<graphics>
<offset x="-5.0" y="35.0"/>
</graphics>
</name>
<orientation>
<value>0</value>
</orientation>
<rate>
<value>1.0</value>
</rate>
<timed>
<value>false</value>
</timed>
<infiniteServer>
<value>false</value>
</infiniteServer>
<priority>
<value>1</value>
</priority>
</transition>
<transition id="T16">
<graphics>
<position x="735.0" y="465.0"/>
</graphics>
<name>
<value>TCrit3Pre</value>
<graphics>
<offset x="-5.0" y="35.0"/>
</graphics>
</name>
<orientation>
<value>0</value>
</orientation>
<rate>
<value>1.0</value>
</rate>
<timed>
<value>false</value>
</timed>
<infiniteServer>
<value>false</value>
</infiniteServer>
<priority>
<value>1</value>
</priority>
</transition>
<transition id="T17">
<graphics>
<position x="1230.0" y="390.0"/>
</graphics>
<name>
<value>TCritical3</value>
<graphics>
<offset x="-5.0" y="35.0"/>
</graphics>
</name>
<orientation>
<value>0</value>
</orientation>
<rate>
<value>1.0</value>
</rate>
<timed>
<value>false</value>
</timed>
<infiniteServer>
<value>false</value>
</infiniteServer>
<priority>
<value>1</value>
</priority>
</transition>
<transition id="T18">
<graphics>
<position x="1005.0" y="225.0"/>
</graphics>
<name>
<value>TCrit1Post</value>
<graphics>
<offset x="-5.0" y="35.0"/>
</graphics>
</name>
<orientation>
<value>0</value>
</orientation>
<rate>
<value>1.0</value>
</rate>
<timed>
<value>false</value>
</timed>
<infiniteServer>
<value>false</value>
</infiniteServer>
<priority>
<value>1</value>
</priority>
</transition>
<transition id="T19">
<graphics>
<position x="990.0" y="465.0"/>
</graphics>
<name>
<value>TCrit3Post</value>
<graphics>
<offset x="-5.0" y="35.0"/>
</graphics>
</name>
<orientation>
<value>0</value>
</orientation>
<rate>
<value>1.0</value>
</rate>
<timed>
<value>false</value>
</timed>
<infiniteServer>
<value>false</value>
</infiniteServer>
<priority>
<value>1</value>
</priority>
</transition>
<transition id="T21">
<graphics>
<position x="1005.0" y="630.0"/>
</graphics>
<name>
<value>TCrit2Post</value>
<graphics>
<offset x="-5.0" y="35.0"/>
</graphics>
</name>
<orientation>
<value>0</value>
</orientation>
<rate>
<value>1.0</value>
</rate>
<timed>
<value>false</value>
</timed>
<infiniteServer>
<value>false</value>
</infiniteServer>
<priority>
<value>1</value>
</priority>
</transition>
<transition id="T22">
<graphics>
<position x="1185.0" y="75.0"/>
</graphics>
<name>
<value>Train1DoesNotLeave</value>
<graphics>
<offset x="-5.0" y="35.0"/>
</graphics>
</name>
<orientation>
<value>0</value>
</orientation>
<rate>
<value>1.0</value>
</rate>
<timed>
<value>false</value>
</timed>
<infiniteServer>
<value>false</value>
</infiniteServer>
<priority>
<value>1</value>
</priority>
</transition>
<transition id="T23">
<graphics>
<position x="1170.0" y="825.0"/>
</graphics>
<name>
<value>Train2DoesNotLeave</value>
<graphics>
<offset x="-5.0" y="35.0"/>
</graphics>
</name>
<orientation>
<value>0</value>
</orientation>
<rate>
<value>1.0</value>
</rate>
<timed>
<value>false</value>
</timed>
<infiniteServer>
<value>false</value>
</infiniteServer>
<priority>
<value>1</value>
</priority>
</transition>
<arc id="P15 to T12" source="P15" target="T12">
<graphics/>
<inscription>
<value>1</value>
<graphics/>
</inscription>
<tagged>
<value>false</value>
</tagged>
<arcpath id="000" x="633" y="490" curvePoint="false"/>
<arcpath id="001" x="687" y="612" curvePoint="false"/>
<type value="normal"/>
</arc>
<arc id="P15 to T13" source="P15" target="T13">
<graphics/>
<inscription>
<value>1</value>
<graphics/>
</inscription>
<tagged>
<value>false</value>
</tagged>
<arcpath id="000" x="634" y="464" curvePoint="false"/>
<arcpath id="001" x="702" y="357" curvePoint="false"/>
<type value="normal"/>
</arc>
<arc id="P15 to T16" source="P15" target="T16">
<graphics/>
<inscription>
<value>1</value>
<graphics/>
</inscription>
<tagged>
<value>false</value>
</tagged>
<arcpath id="000" x="641" y="477" curvePoint="false"/>
<arcpath id="001" x="741" y="477" curvePoint="false"/>
<type value="normal"/>
</arc>
<arc id="P16 to T10" source="P16" target="T10">
<graphics/>
<inscription>
<value>1</value>
<graphics/>
</inscription>
<tagged>
<value>false</value>
</tagged>
<arcpath id="000" x="233" y="482" curvePoint="false"/>
<arcpath id="001" x="321" y="402" curvePoint="false"/>
<type value="normal"/>
</arc>
<arc id="P17 to T18" source="P17" target="T18">
<graphics/>
<inscription>
<value>1</value>
<graphics/>
</inscription>
<tagged>
<value>false</value>
</tagged>
<arcpath id="000" x="893" y="332" curvePoint="false"/>
<arcpath id="001" x="1011" y="237" curvePoint="false"/>
<type value="normal"/>
</arc>
<arc id="P18 to T21" source="P18" target="T21">
<graphics/>
<inscription>
<value>1</value>
<graphics/>
</inscription>
<tagged>
<value>false</value>
</tagged>
<arcpath id="000" x="896" y="628" curvePoint="false"/>
<arcpath id="001" x="1011" y="642" curvePoint="false"/>
<type value="normal"/>
</arc>
<arc id="P19 to T12" source="P19" target="T12">
<graphics/>
<inscription>
<value>1</value>
<graphics/>
</inscription>
<tagged>
<value>false</value>
</tagged>
<arcpath id="000" x="687" y="702" curvePoint="false"/>
<arcpath id="001" x="687" y="642" curvePoint="false"/>
<type value="normal"/>
</arc>
<arc id="P20 to T13" source="P20" target="T13">
<graphics/>
<inscription>
<value>1</value>
<graphics/>
</inscription>
<tagged>
<value>false</value>
</tagged>
<arcpath id="000" x="702" y="266" curvePoint="false"/>
<arcpath id="001" x="702" y="327" curvePoint="false"/>
<type value="normal"/>
</arc>
<arc id="P22 to T19" source="P22" target="T19">
<graphics/>
<inscription>
<value>1</value>
<graphics/>
</inscription>
<tagged>
<value>false</value>
</tagged>
<arcpath id="000" x="896" y="477" curvePoint="false"/>
<arcpath id="001" x="996" y="477" curvePoint="false"/>
<type value="normal"/>
</arc>
<arc id="P23 to T14" source="P23" target="T14">
<graphics/>
<inscription>
<value>1</value>
<graphics/>
</inscription>
<tagged>
<value>false</value>
</tagged>
<arcpath id="000" x="1102" y="187" curvePoint="false"/>
<arcpath id="001" x="1237" y="322" curvePoint="false"/>
<type value="normal"/>
</arc>
<arc id="P23 to T22" source="P23" target="T22">
<graphics/>
<inscription>
<value>1</value>
<graphics/>
</inscription>
<tagged>
<value>false</value>
</tagged>
<arcpath id="000" x="1103" y="167" curvePoint="false"/>
<arcpath id="001" x="1191" y="95" curvePoint="false"/>
<type value="normal"/>
</arc>
<arc id="P24 to T15" source="P24" target="T15">
<graphics/>
<inscription>
<value>1</value>
<graphics/>
</inscription>
<tagged>
<value>false</value>
</tagged>
<arcpath id="000" x="1098" y="265" curvePoint="false"/>
<arcpath id="001" x="1242" y="567" curvePoint="false"/>
<type value="normal"/>
</arc>
<arc id="P24 to T17" source="P24" target="T17">
<graphics/>
<inscription>
<value>1</value>
<graphics/>
</inscription>
<tagged>
<value>false</value>
</tagged>
<arcpath id="000" x="1102" y="262" curvePoint="false"/>
<arcpath id="001" x="1237" y="396" curvePoint="false"/>
<type value="normal"/>
</arc>
<arc id="P24 to T23" source="P24" target="T23">
<graphics/>
<inscription>
<value>1</value>
<graphics/>
</inscription>
<tagged>
<value>false</value>
</tagged>
<arcpath id="000" x="1094" y="266" curvePoint="false"/>
<arcpath id="001" x="1182" y="822" curvePoint="false"/>
<type value="normal"/>
</arc>
<arc id="P25 to T15" source="P25" target="T15">
<graphics/>
<inscription>
<value>1</value>
<graphics/>
</inscription>
<tagged>
<value>false</value>
</tagged>
<arcpath id="000" x="1103" y="692" curvePoint="false"/>
<arcpath id="001" x="1236" y="587" curvePoint="false"/>
<type value="normal"/>
</arc>
<arc id="P25 to T23" source="P25" target="T23">
<graphics/>
<inscription>
<value>1</value>
<graphics/>
</inscription>
<tagged>
<value>false</value>
</tagged>
<arcpath id="000" x="1099" y="714" curvePoint="false"/>
<arcpath id="001" x="1177" y="831" curvePoint="false"/>
<type value="normal"/>
</arc>
<arc id="P26 to T14" source="P26" target="T14">
<graphics/>
<inscription>
<value>1</value>
<graphics/>
</inscription>
<tagged>
<value>false</value>
</tagged>
<arcpath id="000" x="1098" y="628" curvePoint="false"/>
<arcpath id="001" x="1242" y="342" curvePoint="false"/>
<type value="normal"/>
</arc>
<arc id="P26 to T17" source="P26" target="T17">
<graphics/>
<inscription>
<value>1</value>
<graphics/>
</inscription>
<tagged>
<value>false</value>
</tagged>
<arcpath id="000" x="1099" y="629" curvePoint="false"/>
<arcpath id="001" x="1236" y="410" curvePoint="false"/>
<type value="normal"/>
</arc>
<arc id="P26 to T22" source="P26" target="T22">
<graphics/>
<inscription>
<value>1</value>
<graphics/>
</inscription>
<tagged>
<value>false</value>
</tagged>
<arcpath id="000" x="1094" y="627" curvePoint="false"/>
<arcpath id="001" x="1197" y="102" curvePoint="false"/>
<type value="normal"/>
</arc>
<arc id="T10 to P15" source="T10" target="P15">
<graphics/>
<inscription>
<value>1</value>
<graphics/>
</inscription>
<tagged>
<value>false</value>
</tagged>
<arcpath id="000" x="331" y="402" curvePoint="false"/>
<arcpath id="001" x="612" y="473" curvePoint="false"/>
<type value="normal"/>
</arc>
<arc id="T12 to P18" source="T12" target="P18">
<graphics/>
<inscription>
<value>1</value>
<graphics/>
</inscription>
<tagged>
<value>false</value>
</tagged>
<arcpath id="000" x="691" y="627" curvePoint="false"/>
<arcpath id="001" x="867" y="627" curvePoint="false"/>
<type value="normal"/>
</arc>
<arc id="T13 to P17" source="T13" target="P17">
<graphics/>
<inscription>
<value>1</value>
<graphics/>
</inscription>
<tagged>
<value>false</value>
</tagged>
<arcpath id="000" x="706" y="342" curvePoint="false"/>
<arcpath id="001" x="867" y="342" curvePoint="false"/>
<type value="normal"/>
</arc>
<arc id="T14 to P16" source="T14" target="P16">
<graphics/>
<inscription>
<value>1</value>
<graphics/>
</inscription>
<tagged>
<value>false</value>
</tagged>
<arcpath id="000" x="1236" y="332" curvePoint="false"/>
<arcpath id="001" x="236" y="489" curvePoint="false"/>
<type value="normal"/>
</arc>
<arc id="T14 to P2" source="T14" target="P2">
<graphics/>
<inscription>
<value>1</value>
<graphics/>
</inscription>
<tagged>
<value>false</value>
</tagged>
<arcpath id="000" x="1247" y="322" curvePoint="false"/>
<arcpath id="001" x="1424" y="424" curvePoint="false"/>
<type value="normal"/>
</arc>
<arc id="T15 to P16" source="T15" target="P16">
<graphics/>
<inscription>
<value>1</value>
<graphics/>
</inscription>
<tagged>
<value>false</value>
</tagged>
<arcpath id="000" x="1237" y="577" curvePoint="false"/>
<arcpath id="001" x="236" y="493" curvePoint="false"/>
<type value="normal"/>
</arc>
<arc id="T15 to P2" source="T15" target="P2">
<graphics/>
<inscription>
<value>1</value>
<graphics/>
</inscription>
<tagged>
<value>false</value>
</tagged>
<arcpath id="000" x="1246" y="587" curvePoint="false"/>
<arcpath id="001" x="1425" y="441" curvePoint="false"/>
<type value="normal"/>
</arc>
<arc id="T16 to P22" source="T16" target="P22">
<graphics/>
<inscription>
<value>1</value>
<graphics/>
</inscription>
<tagged>
<value>false</value>
</tagged>
<arcpath id="000" x="751" y="477" curvePoint="false"/>
<arcpath id="001" x="867" y="477" curvePoint="false"/>
<type value="normal"/>
</arc>
<arc id="T17 to P16" source="T17" target="P16">
<graphics/>
<inscription>
<value>1</value>
<graphics/>
</inscription>
<tagged>
<value>false</value>
</tagged>
<arcpath id="000" x="1236" y="403" curvePoint="false"/>
<arcpath id="001" x="236" y="490" curvePoint="false"/>
<type value="normal"/>
</arc>
<arc id="T18 to P23" source="T18" target="P23">
<graphics/>
<inscription>
<value>1</value>
<graphics/>
</inscription>
<tagged>
<value>false</value>
</tagged>
<arcpath id="000" x="1021" y="237" curvePoint="false"/>
<arcpath id="001" x="1080" y="186" curvePoint="false"/>
<type value="normal"/>
</arc>
<arc id="T18 to P26" source="T18" target="P26">
<graphics/>
<inscription>
<value>1</value>
<graphics/>
</inscription>
<tagged>
<value>false</value>
</tagged>
<arcpath id="000" x="1017" y="252" curvePoint="false"/>
<arcpath id="001" x="1089" y="627" curvePoint="false"/>
<type value="normal"/>
</arc>
<arc id="T19 to P24" source="T19" target="P24">
<graphics/>
<inscription>
<value>1</value>
<graphics/>
</inscription>
<tagged>
<value>false</value>
</tagged>
<arcpath id="000" x="1002" y="462" curvePoint="false"/>
<arcpath id="001" x="1086" y="265" curvePoint="false"/>
<type value="normal"/>
</arc>
<arc id="T19 to P26" source="T19" target="P26">
<graphics/>
<inscription>
<value>1</value>
<graphics/>
</inscription>
<tagged>
<value>false</value>
</tagged>
<arcpath id="000" x="1002" y="492" curvePoint="false"/>
<arcpath id="001" x="1084" y="629" curvePoint="false"/>
<type value="normal"/>
</arc>
<arc id="T21 to P24" source="T21" target="P24">
<graphics/>
<inscription>
<value>1</value>
<graphics/>
</inscription>
<tagged>
<value>false</value>
</tagged>
<arcpath id="000" x="1017" y="627" curvePoint="false"/>
<arcpath id="001" x="1089" y="266" curvePoint="false"/>
<type value="normal"/>
</arc>
<arc id="T21 to P25" source="T21" target="P25">
<graphics/>
<inscription>
<value>1</value>
<graphics/>
</inscription>
<tagged>
<value>false</value>
</tagged>
<arcpath id="000" x="1021" y="642" curvePoint="false"/>
<arcpath id="001" x="1080" y="692" curvePoint="false"/>
<type value="normal"/>
</arc>
<arc id="T22 to P16" source="T22" target="P16">
<graphics/>
<inscription>
<value>1</value>
<graphics/>
</inscription>
<tagged>
<value>false</value>
</tagged>
<arcpath id="000" x="1191" y="88" curvePoint="false"/>
<arcpath id="001" x="235" y="486" curvePoint="false"/>
<type value="normal"/>
</arc>
<arc id="T22 to P20" source="T22" target="P20">
<graphics/>
<inscription>
<value>1</value>
<graphics/>
</inscription>
<tagged>
<value>false</value>
</tagged>
<arcpath id="000" x="1192" y="81" curvePoint="false"/>
<arcpath id="001" x="716" y="247" curvePoint="false"/>
<type value="normal"/>
</arc>
<arc id="T23 to P16" source="T23" target="P16">
<graphics/>
<inscription>
<value>1</value>
<graphics/>
</inscription>
<tagged>
<value>false</value>
</tagged>
<arcpath id="000" x="1176" y="838" curvePoint="false"/>
<arcpath id="001" x="236" y="497" curvePoint="false"/>
<type value="normal"/>
</arc>
<arc id="T23 to P19" source="T23" target="P19">
<graphics/>
<inscription>
<value>1</value>
<graphics/>
</inscription>
<tagged>
<value>false</value>
</tagged>
<arcpath id="000" x="1176" y="845" curvePoint="false"/>
<arcpath id="001" x="701" y="720" curvePoint="false"/>
<type value="normal"/>
</arc>
</net>
</pnml>
